{
  "timestamp": "2026-02-13T21:12:25.829525",
  "video_file": "dog_tracking_20260213_211211_seg0001.mp4",
  "video_path": "recordings/dog_tracking_20260213_211211_seg0001.mp4",
  "audio_features": {
    "sample_rate": 44100,
    "duration_seconds": 13.0,
    "num_samples": 573300,
    "audio_mean": 0.0007362685864791274,
    "audio_std": 0.5642352104187012,
    "audio_max": 1.2956331968307495,
    "audio_min": -1.2310211658477783,
    "rms_energy": 0.5642356872558594,
    "zero_crossing_rate": 0.06302285016570731,
    "spectral_centroid_mean": 3854.532983434782,
    "spectral_centroid_std": 1109.8175377528166,
    "mfcc_mean": [
      12.407064437866211,
      123.71849822998047,
      16.90946388244629,
      15.657428741455078,
      -2.7076587677001953,
      14.795248031616211,
      -0.6143926978111267,
      12.60384464263916,
      3.166748523712158,
      16.299917221069336,
      -0.7411941885948181,
      14.935422897338867,
      -13.926803588867188
    ],
    "mfcc_std": [
      28.161035537719727,
      18.570858001708984,
      14.465743064880371,
      10.071269035339355,
      8.467923164367676,
      7.409636497497559,
      6.378617763519287,
      5.159445762634277,
      5.003647804260254,
      5.954474449157715,
      4.752322673797607,
      5.534059524536133,
      5.285438537597656
    ],
    "chroma_mean": [
      0.7140001058578491,
      0.6113476753234863,
      0.5808160901069641,
      0.5624468922615051,
      0.5482399463653564,
      0.5681877136230469,
      0.5600361227989197,
      0.5437449812889099,
      0.6222906112670898,
      0.6814321279525757,
      0.8042739629745483,
      0.7642502784729004
    ],
    "tempo": 161.4990234375
  },
  "video_metadata": {
    "width": 1280,
    "height": 720,
    "fps": 10.0,
    "frame_count": 130,
    "duration_seconds": 13.0,
    "codec": "mp4v",
    "resolution": "1280x720",
    "aspect_ratio": 1.7777777777777777,
    "total_pixels": 921600
  },
  "application": "dog_tracker",
  "segment_duration_seconds": 60,
  "motion_avg": 0.020580949419568822,
  "motion_peak": 0.20851779513888888,
  "segment_audio_peak_rms": 0.8381558060646057,
  "ambient_audio_rms": 0.47943174839019775,
  "noise_peak_rms": 0.8381558060646057,
  "noise_spike_ratio": 1.7482275816712314,
  "noise_level": "loud",
  "is_highlight": true,
  "highlight_score": 1.0,
  "highlight_reasons": [
    "audio_peak",
    "sustained_motion",
    "motion_spike"
  ],
  "highlight_thresholds": {
    "min_audio_rms": 0.03,
    "min_motion_avg": 0.015,
    "min_motion_peak": 0.05,
    "min_combined_score": 0.45
  },
  "event_type": "audio_and_motion",
  "file_size_bytes": 4913516,
  "file_size_gb": 0.0045760683715343475
}