{
  "timestamp": "2026-02-13T21:12:11.996777",
  "video_file": "dog_tracking_20260213_211104_seg0000.mp4",
  "video_path": "recordings/dog_tracking_20260213_211104_seg0000.mp4",
  "audio_features": {
    "sample_rate": 44100,
    "duration_seconds": 59.3,
    "num_samples": 2615130,
    "audio_mean": 0.0007307232590392232,
    "audio_std": 0.5361948013305664,
    "audio_max": 1.6681597232818604,
    "audio_min": -1.6681597232818604,
    "rms_energy": 0.5361952781677246,
    "zero_crossing_rate": 0.07271913824551743,
    "spectral_centroid_mean": 4022.243452300066,
    "spectral_centroid_std": 1240.698352052471,
    "mfcc_mean": [
      8.88449478149414,
      121.49773406982422,
      18.66057586669922,
      17.063871383666992,
      -0.2573416531085968,
      13.663614273071289,
      0.14169877767562866,
      11.991782188415527,
      3.1434051990509033,
      14.115792274475098,
      -2.0789356231689453,
      14.949320793151855,
      -15.228012084960938
    ],
    "mfcc_std": [
      32.67424774169922,
      21.07676887512207,
      19.47114372253418,
      11.506567001342773,
      8.576849937438965,
      8.178470611572266,
      7.815060138702393,
      5.955276966094971,
      5.897387981414795,
      6.254125595092773,
      5.511532306671143,
      5.387965202331543,
      5.5725226402282715
    ],
    "chroma_mean": [
      0.6449283361434937,
      0.521648645401001,
      0.4583112299442291,
      0.45118606090545654,
      0.4448780417442322,
      0.4302722215652466,
      0.45969945192337036,
      0.5173386931419373,
      0.6146401166915894,
      0.6700649261474609,
      0.6991283893585205,
      0.6715644598007202
    ],
    "tempo": 132.51201923076923
  },
  "video_metadata": {
    "width": 1280,
    "height": 720,
    "fps": 10.0,
    "frame_count": 593,
    "duration_seconds": 59.3,
    "codec": "mp4v",
    "resolution": "1280x720",
    "aspect_ratio": 1.7777777777777777,
    "total_pixels": 921600
  },
  "application": "dog_tracker",
  "segment_duration_seconds": 60,
  "motion_avg": 0.024876024422465393,
  "motion_peak": 0.22557074652777778,
  "segment_audio_peak_rms": 0.9200820326805115,
  "ambient_audio_rms": 0.429119735956192,
  "noise_peak_rms": 0.9200820326805115,
  "noise_spike_ratio": 2.1441149301379157,
  "noise_level": "loud",
  "is_highlight": true,
  "highlight_score": 1.0,
  "highlight_reasons": [
    "audio_peak",
    "sustained_motion",
    "motion_spike"
  ],
  "highlight_thresholds": {
    "min_audio_rms": 0.03,
    "min_motion_avg": 0.015,
    "min_motion_peak": 0.05,
    "min_combined_score": 0.45
  },
  "event_type": "audio_and_motion",
  "file_size_bytes": 22522831,
  "file_size_gb": 0.020976020954549313
}